AFC Fried Chicken, +44 20 7252 8989

AFC - Asian Food
Centre, +44 20 8570 7346

AFC Croydon Athletic
Football Club, +44 20 8689 5322

Tesco Croydon CFC
Distribution Centre, +44 7718 961730

Afc Fried Chicken &
Burgers, +44 20 8062 6647

BFC Distribution, +44 20 3302 7702

Atlantico UK, +44 20 8649 7444

Sun Distributors, +44 20 8684 9639

RSS Fast Food
Suppliers, +44 20 3793 2630

K M Distribution
Centre, +44 7704 535358

Star Catering Supplies
Ltd, +44 20 8527 2666

Millers Catering
Butchers - Wholesale Butchers London, +44 20 8649 8999

Sun Distributors UK
Ltd, +44 1689 849523

Eat Well Meat, +44 1689 845888

Imex Express Ltd, +44 20 8665 0877

Iceland Foods, +44 1689 800227

New Addington Food
& Wine, +44 1689 841057

AFC Fried Chicken, +44 20 7252 8989

AFC - Asian Food
Centre, +44 20 8570 7346

AFC Croydon Athletic
Football Club, +44 20 8689 5322

Tesco Croydon CFC
Distribution Centre, +44 7718 961730

Afc Fried Chicken &
Burgers, +44 20 8062 6647

BFC Distribution, +44 20 3302 7702

Atlantico UK, +44 20 8649 7444

Sun Distributors, +44 20 8684 9639

RSS Fast Food
Suppliers, +44 20 3793 2630

K M Distribution
Centre, +44 7704 535358

Star Catering Supplies
Ltd, +44 20 8527 2666

Millers Catering
Butchers - Wholesale Butchers London, +44 20 8649 8999

Sun Distributors UK
Ltd, +44 1689 849523

Eat Well Meat, +44 1689 845888

Imex Express Ltd, +44 20 8665 0877

Iceland Foods, +44 1689 800227

New Addington Food
& Wine, +44 1689 841057

Ecofriendlybag.Co.UK, +44 20 8952 7732

Swiss Pack Europe, +44 20 8427 9944

Bin Bags-Bin liners
wholesale, +44 7939 082525

Morplan London, +44 20 7636 1887

H & S Polythene Ltd, +44 20 8805 0217

7 Bags, +44 20 8952 9997

Callancote Ltd, +44 20 8469 3969

Breamfold Packaging, +44 20 3553 2232

Polybags Ltd, +44 345 200 2828

Josoblu Ltd, +44 20 8947 7250

RDH Supplies, +44 20 8340 
Londark, +44 20 8891 1118

Royal Packaging, +44 20 8150 3822

Noble Gift Packaging
Ltd, +44 20 8805 4111

Forever Young Ltd, +44 20 8551 
Rocket Bags, +44 333 700 0133

Shooterbelts.Com, +44 20 8205 
Ecofriendlybag.Co.UK, +44 20 8952 7732

Swiss Pack Europe, +44 20 8427 9944

Bin Bags-Bin liners
wholesale, +44 7939 082525

Morplan London, +44 20 7636 1887

H & S Polythene Ltd, +44 20 8805 0217

7 Bags, +44 20 8952 9997

Callancote Ltd, +44 20 8469 3969

Breamfold Packaging, +44 20 3553 2232

Polybags Ltd, +44 345 200 2828

Josoblu Ltd, +44 20 8947 7250

RDH Supplies, +44 20 8340 
Londark, +44 20 8891 1118

Royal Packaging, +44 20 8150 3822

Noble Gift Packaging
Ltd, +44 20 8805 4111

Forever Young Ltd, +44 20 8551 
Rocket Bags, +44 333 700 0133

Shooterbelts.Com, +44 20 8205 
Diss Car Parts &
Accessories, +44 1379 652544

D S C Motor Factors, +44 1379 651978

EU Ltd, +44 1379 640088

Long Stratton
Discount Auto Parts, +44 1508 531072

Treadfirst - Diss
Branch, +44 1379 629155

ATS Euromaster Diss, +44 1379 642861

Diss Tyre & Exhausts, +44 1379 643855

D.M.P Discount Motor
Parts Bungay, +44 1986 896656

G M Auto Accessories, +44 1379 852565

Thetford Autoparts
Limited, +44 1842 762238

GSF Car Parts
(Norwich), +44 1603 780900

lopham vehicle
services, +44 1953 681155

Wilco Motor Spares, +44 1953 882902

Motor Parts Direct,
Thetford, +44 1842 765930

Motor Parts Direct,
Dereham, +44 1362 700500

M & J Tyres and
Spares, +44 20 8977 1800

Motorspares, +44 1284 752931

Willow Tree Cars Ltd, +44 1379 651818

Pretty Garage, +44 1379 644786

Motofacts, +44 1502 500600

Diss Car Parts &
Accessories, +44 1379 652544

D S C Motor Factors, +44 1379 651978

EU Ltd, +44 1379 640088

Long Stratton
Discount Auto Parts, +44 1508 531072

Treadfirst - Diss
Branch, +44 1379 629155

ATS Euromaster Diss, +44 1379 642861

Diss Tyre & Exhausts, +44 1379 643855

D.M.P Discount Motor
Parts Bungay, +44 1986 896656

G M Auto Accessories, +44 1379 852565

Thetford Autoparts
Limited, +44 1842 762238

GSF Car Parts
(Norwich), +44 1603 780900

lopham vehicle
services, +44 1953 681155

Wilco Motor Spares, +44 1953 882902

Motor Parts Direct,
Thetford, +44 1842 765930

Motor Parts Direct,
Dereham, +44 1362 700500

M & J Tyres and
Spares, +44 20 8977 1800

Motorspares, +44 1284 752931

Willow Tree Cars Ltd, +44 1379 651818

Pretty Garage, +44 1379 644786

Motofacts, +44 1502 500600

The Food Packaging
Company Ltd, +44 20 8764 2249

Jenpak Ltd, +44 20 8206 3448

London Food
Packaging Company, +44 333 050 1881

Catering24, +44 1442 
Enviropack, +44 20 8428 9184

London Bio
Packaging, +44 20 7471 3700

Polymer UK, +44 20 8961 1188

Wrapology, +44 20 8992 3543

The Packaging
Federation, +44 20 7808 
MNA PAC LTD, +44 330 113 8818

UK Packaging
Supplies Ltd, +44 20 8801 8144

Element Packaging
LTD, +44 20 3633 0535

Go Custom Boxes UK, +44 20 7993 5955

Danda UK Packaging, +44 20 8459 5500

P Wilkinson
Containers Ltd, +44 20 7237 4500

SAL Packaging, +44 20 8888 5265

TK Packaging Ltd., +44 845 519 2417

Wholesale Packaging, +44 20 8386 6960

Amipak Ltd, +44 20 8451 5099

London Catering
Supplies Ltd, +44 20 3291 2918

The Food Packaging
Company Ltd, +44 20 8764 2249

Jenpak Ltd, +44 20 8206 3448

London Food
Packaging Company, +44 333 050 1881

Catering24, +44 1442 
Enviropack, +44 20 8428 9184

London Bio
Packaging, +44 20 7471 3700

Polymer UK, +44 20 8961 1188

Wrapology, +44 20 8992 3543

The Packaging
Federation, +44 20 7808 
MNA PAC LTD, +44 330 113 8818

UK Packaging
Supplies Ltd, +44 20 8801 8144

Element Packaging
LTD, +44 20 3633 0535

Go Custom Boxes UK, +44 20 7993 5955

Danda UK Packaging, +44 20 8459 5500

P Wilkinson
Containers Ltd, +44 20 7237 4500

SAL Packaging, +44 20 8888 5265

TK Packaging Ltd., +44 845 519 2417

Wholesale Packaging, +44 20 8386 6960

Amipak Ltd, +44 20 8451 5099

London Catering
Supplies Ltd, +44 20 3291 2918

Kidzschoolstuff.co.uk, +44 7703 108163

Havard Apparatus Ltd, +44 1732 
Gee E J Ltd, +44 1342 
Synergy Ltd, +44 1883 
Retail Packaging
Supplies, +44 1689 
Alexir Partnership, +44 1732 866681

Cut Price Wholesaler, +44 20 8684 8366

Floor Designs, +44 1732 862659

Associated Packaging, +44 1732 770777

Peters Stationery UK, +44 1737 373925

Bayard Packaging Ltd, +44 20 8688 7778

WH Skinner, +44 1622 749099

AGC Packaging
Systems, +44 20 8647 2910

Easistore Edenbridge, +44 1732 862626

Scope Packaging Ltd, +44 20 8665 7777

Craft Stationers, +44 7932 007130

Fieldskill Ltd -
Business Workplace Essentials, +44 1323 500999

Weald Packaging
Supplies Ltd, +44 1825 732000

Kidzschoolstuff.co.uk, +44 7703 108163

Havard Apparatus Ltd, +44 1732 
Gee E J Ltd, +44 1342 
Synergy Ltd, +44 1883 
Retail Packaging
Supplies, +44 1689 
Alexir Partnership, +44 1732 866681

Cut Price Wholesaler, +44 20 8684 8366

Floor Designs, +44 1732 862659

Associated Packaging, +44 1732 770777

Peters Stationery UK, +44 1737 373925

Bayard Packaging Ltd, +44 20 8688 7778

WH Skinner, +44 1622 749099

AGC Packaging
Systems, +44 20 8647 2910

Easistore Edenbridge, +44 1732 862626

Scope Packaging Ltd, +44 20 8665 7777

Craft Stationers, +44 7932 007130

Fieldskill Ltd -
Business Workplace Essentials, +44 1323 500999

Weald Packaging
Supplies Ltd, +44 1825 732000

Wholesale Packaging, +44 20 8386 6960

Imported Packaging
Solutions, +44 1923 
Jam Packed Boxes, +44 800 566 8419

Mail Boxes Etc.
Watford, +44 1923 254555

Globe Packaging, +44 345 224 3691

Mr Packaging Ltd, +44 800 678 5693

Lightning Packaging, +44 1707 635343

Boxes and Bubble, +44 1494 675594

Brandpax, +44 1923 693786

Wellpack Europe Ltd, +44 20 3302 2030

Packaging
Engineering Ltd, +44 1923 
Go Packaging
Products Ltd., +44 7951 922278

Altrades Packaging, +44 1483 304757

Aylesbury Box
Company, +44 1296 436888

Antalis Ltd, +44 870 607 
Polypouch (UK) Ltd, +44 20 3475 3456

TK Packaging Ltd., +44 845 519 2417

My Box Printing |
Custom Cardboard Boxes | Retail Boxes, +44 20 3965 9888

Wholesale Packaging, +44 20 8386 6960

Imported Packaging
Solutions, +44 1923 
Jam Packed Boxes, +44 800 566 8419

Mail Boxes Etc.
Watford, +44 1923 254555

Globe Packaging, +44 345 224 3691

Mr Packaging Ltd, +44 800 678 5693

Lightning Packaging, +44 1707 635343

Boxes and Bubble, +44 1494 675594

Brandpax, +44 1923 693786

Wellpack Europe Ltd, +44 20 3302 2030

Packaging
Engineering Ltd, +44 1923 
Go Packaging
Products Ltd., +44 7951 922278

Altrades Packaging, +44 1483 304757

Aylesbury Box
Company, +44 1296 436888

Antalis Ltd, +44 870 607 
Polypouch (UK) Ltd, +44 20 3475 3456

TK Packaging Ltd., +44 845 519 2417

My Box Printing |
Custom Cardboard Boxes | Retail Boxes, +44 20 3965 9888

Janitorial Warehouse
Ltd Cleaning Supplies, +44 1582 563616

Complex Cleaning
Supplies, +44 1923 839039

Janitorial Supplies, +44 20 7062 0690

Click Cleaning, +44 845 680 1955

1st 4 Cleaning
Supplies, +44 800 030 9782

Aroma Janitorial
Supplies, +44 20 8893 1549

Cleaning Products, +44 20 7062 0680

Abacus Cleaning &
Hygiene Supplies, +44 1462 
A1 Disposable
Products, +44 20 8950 9896

Source Supplies, +44 1276 676006

Seldram Supplies
Camberley, +44 1276 685687

Valley Industrial
Products, +44 20 8884 3402

Low Cost Cleaning
Supplies, +44 1276 537986

Cleaning Supplies, +44 20 7062 0648

A1 Services Southern
Ltd, +44 1276 685985

Alban Cleaning
Supplies Ltd, +44 1727 833069

Janitorial Express, +44 20 7700 3322

Alliance UK, +44 20 7062 0600

Clean Supply Ltd, +44 20 8885 6677

Janitorial Warehouse
Ltd Cleaning Supplies, +44 1582 563616

Complex Cleaning
Supplies, +44 1923 839039

Janitorial Supplies, +44 20 7062 0690

Click Cleaning, +44 845 680 1955

1st 4 Cleaning
Supplies, +44 800 030 9782

Aroma Janitorial
Supplies, +44 20 8893 1549

Cleaning Products, +44 20 7062 0680

Abacus Cleaning &
Hygiene Supplies, +44 1462 
A1 Disposable
Products, +44 20 8950 9896

Source Supplies, +44 1276 676006

Seldram Supplies
Camberley, +44 1276 685687

Valley Industrial
Products, +44 20 8884 3402

Low Cost Cleaning
Supplies, +44 1276 537986

Cleaning Supplies, +44 20 7062 0648

A1 Services Southern
Ltd, +44 1276 685985

Alban Cleaning
Supplies Ltd, +44 1727 833069

Janitorial Express, +44 20 7700 3322

Alliance UK, +44 20 7062 0600

Clean Supply Ltd, +44 20 8885 6677

Jones & Cane
Packaging, +44 1603 722264

Direct Packaging
Dereham, +44 1362 691611

Zeus, +44 1603 281700

Keyzors Packing
Cases, +44 1493 
Anglian Bespoke
Corrugated and Packaging Ltd, +44 1603 873100

Norfolk Polythene
Converters, +44 1603 409930

Mono Packaging (UK)
Ltd, +44 843 289 1298

Food Packaging
Resource Ltd, +44 1603 486672

Smurfit Kappa
Sheetfeeding - Norwich, +44 1603 679888

Brobox Ltd, +44 1379 676076

Breydon Enterprises
Ltd, +44 1493 331411

Packaging Needs, +44 1842 753802

Smart Karton Europe
Ltd, +44 1986 891484

ShrinKit Ltd, +44 1603 897566

Viking Self Storage, +44 1603 974964

Ryman Stationery, +44 1603 629787

Thompson Packaging
Ltd, +44 1603 744399

Redpack Packaging
Machinery, +44 1603 722280

Jones & Cane
Packaging, +44 1603 722264

Direct Packaging
Dereham, +44 1362 691611

Zeus, +44 1603 281700

Keyzors Packing
Cases, +44 1493 
Anglian Bespoke
Corrugated and Packaging Ltd, +44 1603 873100

Norfolk Polythene
Converters, +44 1603 409930

Mono Packaging (UK)
Ltd, +44 843 289 1298

Food Packaging
Resource Ltd, +44 1603 486672

Smurfit Kappa
Sheetfeeding - Norwich, +44 1603 679888

Brobox Ltd, +44 1379 676076

Breydon Enterprises
Ltd, +44 1493 331411

Packaging Needs, +44 1842 753802

Smart Karton Europe
Ltd, +44 1986 891484

ShrinKit Ltd, +44 1603 897566

Viking Self Storage, +44 1603 974964

Ryman Stationery, +44 1603 629787

Thompson Packaging
Ltd, +44 1603 744399

Redpack Packaging
Machinery, +44 1603 722280

Garden City
Packaging Ltd, +44 1462 686200

Kite Packaging Ltd, +44 1462 510700

Plasmech Packaging
Limited, +44 1462 432525

Bridger Packaging, +44 1462 636465

Seal Packaging Ltd, +44 1582 484838

Packaging Products
Online, +44 1933 461999

TK Packaging Ltd., +44 845 519 2417

Lightning Packaging
Supplies, +44 1707 635343

Chilfen Export
Packaging, +44 1462 705390

Fleetwood Packaging
Ltd, +44 1763 242423

Nissen Packaging Ltd, +44 1462 676262

Lea Boxes Ltd, +44 1582 505561

Packaging Direct, +44 1992 505056

Wholesale Packaging, +44 20 8386 6960

Zeus Packaging (UK)
Ltd, +44 333 200 0757

Erapa (UK) Ltd, +44 1582 722462

Bell Packaging Ltd, +44 1582 459292

Boxes and Packaging
(Cambridge) Limited, +44 1480 467633

Alban Cases Ltd, +44 1582 493099

RJJ Packaging &
Design Ltd, +44 1525 218100

Garden City
Packaging Ltd, +44 1462 686200

Kite Packaging Ltd, +44 1462 510700

Plasmech Packaging
Limited, +44 1462 432525

Bridger Packaging, +44 1462 636465

Seal Packaging Ltd, +44 1582 484838

Packaging Products
Online, +44 1933 461999

TK Packaging Ltd., +44 845 519 2417

Lightning Packaging
Supplies, +44 1707 635343

Chilfen Export
Packaging, +44 1462 705390

Fleetwood Packaging
Ltd, +44 1763 242423

Nissen Packaging Ltd, +44 1462 676262

Lea Boxes Ltd, +44 1582 505561

Packaging Direct, +44 1992 505056

Wholesale Packaging, +44 20 8386 6960

Zeus Packaging (UK)
Ltd, +44 333 200 0757

Erapa (UK) Ltd, +44 1582 722462

Bell Packaging Ltd, +44 1582 459292

Boxes and Packaging
(Cambridge) Limited, +44 1480 467633

Alban Cases Ltd, +44 1582 493099

RJJ Packaging &
Design Ltd, +44 1525 218100

PortaBello Interiors, +44 1224 
Dolly's Interiors, +44 20 8523 9600

Blinds Factory, +44 20 8805 
Acorn Blinds, +44 7780 776215

Gailarde, +44 20 8905 2776

The Curtain Factory
Ltd, +44 1992 641555

dovetails vintage, +44 1732 453221

Made Curtains, +44 20 8068 0408

Dunelm, +44 1279 216990

Event Supplies, +44 844 499 5456

Shadow Design
Curtains, +44 20 3500 0300

Chantilly Interiors, +44 1727 851663

Hobbycraft Chingford, +44 330 026 1091

SG BLINDS, +44 1992 210500

COZE Linen, +44 20 3866 3939

CAPITAL BLINDS, +44 1992 446857

Bridgewater Blinds, +44 20 8920 9534

Skandivis, +44 20 8090 1970

Made to Measure
Curtains, +44 845 257 1888

Fedrigoni UK Ltd, +44 20 7242 3168

PortaBello Interiors, +44 1224 
Dolly's Interiors, +44 20 8523 9600

Blinds Factory, +44 20 8805 
Acorn Blinds, +44 7780 776215

Gailarde, +44 20 8905 2776

The Curtain Factory
Ltd, +44 1992 641555

dovetails vintage, +44 1732 453221

Made Curtains, +44 20 8068 0408

Dunelm, +44 1279 216990

Event Supplies, +44 844 499 5456

Shadow Design
Curtains, +44 20 3500 0300

Chantilly Interiors, +44 1727 851663

Hobbycraft Chingford, +44 330 026 1091

SG BLINDS, +44 1992 210500

COZE Linen, +44 20 3866 3939

CAPITAL BLINDS, +44 1992 446857

Bridgewater Blinds, +44 20 8920 9534

Skandivis, +44 20 8090 1970

Made to Measure
Curtains, +44 845 257 1888

Fedrigoni UK Ltd, +44 20 7242 3168

Keco Ltd, +44 1480 869077

Reynopoly -
Packaging Company, +44 1733 891322

Boxes and Packaging
(Cambridge) Limited, +44 1480 467633

The Adhesive Laundry
Ltd, +44 1480 869220

UK Packaging
Supplies Ltd, +44 1638 660909

A B L Perpack 1985
Ltd, +44 1536 412744

Melrose Packaging, +44 1234 841144

JB Packaging
Solutions LTD, +44 1733 866495

Arcade (UK) Ltd, +44 1480 861111

Tinware Direct Ltd, +44 1234 772001

Acorn Labels Ltd, +44 1480 462727

Charpak Ltd, +44 1480 434434

Keco Ltd, +44 1480 869077

Reynopoly -
Packaging Company, +44 1733 891322

Boxes and Packaging
(Cambridge) Limited, +44 1480 467633

The Adhesive Laundry
Ltd, +44 1480 869220

UK Packaging
Supplies Ltd, +44 1638 660909

A B L Perpack 1985
Ltd, +44 1536 412744

Melrose Packaging, +44 1234 841144

JB Packaging
Solutions LTD, +44 1733 866495

Arcade (UK) Ltd, +44 1480 861111

Tinware Direct Ltd, +44 1234 772001

Acorn Labels Ltd, +44 1480 462727

Charpak Ltd, +44 1480 434434

Nefab Packaging UK
Ltd., +44 1908 
DS Smith Packaging, +44 1908 336170

Melrose Packaging, +44 1234 841144

Macfarlane Packaging, +44 844 770 1425

Leyland Packaging, +44 1604 603600

RAJA UK, +44 800 542 4428

Barkomm Ltd, +44 1908 
Bluewater Packaging
Group, +44 845 076 8665

Sudpack UK Ltd, +44 1908 525720

Reedbut Group Ltd, +44 1908 630200

Sansetsu UK &
Featherpost, +44 1908 264750

Makkipak Ltd, +44 1604 812755

Packaging Products
Online, +44 1933 461999

Aylesbury Box
Company, +44 1296 436888

Essentra, +44 1908 359100

G.Ryder & Co, +44 1908 375524

ID Machinery Ltd, +44 1908 
Braepac Packaging
Ltd, +44 1536 747766

Bespoke British Boxes
Ltd, +44 1908 265600

Nefab Packaging UK
Ltd., +44 1908 
DS Smith Packaging, +44 1908 336170

Melrose Packaging, +44 1234 841144

Macfarlane Packaging, +44 844 770 1425

Leyland Packaging, +44 1604 603600

RAJA UK, +44 800 542 4428

Barkomm Ltd, +44 1908 
Bluewater Packaging
Group, +44 845 076 8665

Sudpack UK Ltd, +44 1908 525720

Reedbut Group Ltd, +44 1908 630200

Sansetsu UK &
Featherpost, +44 1908 264750

Makkipak Ltd, +44 1604 812755

Packaging Products
Online, +44 1933 461999

Aylesbury Box
Company, +44 1296 436888

Essentra, +44 1908 359100

G.Ryder & Co, +44 1908 375524

ID Machinery Ltd, +44 1908 
Braepac Packaging
Ltd, +44 1536 747766

Bespoke British Boxes
Ltd, +44 1908 265600

Midland Catering
Equipment, +44 1234 
REFURBISHED
CATERING EQUIPMENT, +44 7495 379227

Trademaid Bar &
Kitchen Supplies, +44 330 133 1933

Catering Store24, +44 845 860 0602

Colin Hill Bar &
Catering Supplies Ltd, +44 1462 659100

Amaco Catering
Equipement, +44 844 412 
Select Catering
Equipment, +44 1908 980075

Pyramid Catering
Equipment Ltd, +44 7973 752640

Cedabond Catering
Equipment, +44 333 344 0037

Hamoki Limited
(Formerly iMettos Catering Equipment), +44 1908 083636

Celebration, +44 1582 736708

Nisbets Catering
Equipment Cambridge Store, +44 1223 979972

CaterCare, +44 1582 862000

Countywide Catering
Equipment Ltd, +44 1933 402002

Roland Allen & Co Ltd, +44 1582 730712

Gratte Brothers
Catering Equipment Ltd, +44 1438 
North London
Catering Equipment Ltd, +44 20 8361 6644

TAG Catering
Equipment UK Ltd, +44 1920 877007

A N Z Catering
Equipment, +44 1582 290257

Midland Catering
Equipment, +44 1234 
REFURBISHED
CATERING EQUIPMENT, +44 7495 379227

Trademaid Bar &
Kitchen Supplies, +44 330 133 1933

Catering Store24, +44 845 860 0602

Colin Hill Bar &
Catering Supplies Ltd, +44 1462 659100

Amaco Catering
Equipement, +44 844 412 
Select Catering
Equipment, +44 1908 980075

Pyramid Catering
Equipment Ltd, +44 7973 752640

Cedabond Catering
Equipment, +44 333 344 0037

Hamoki Limited
(Formerly iMettos Catering Equipment), +44 1908 083636

Celebration, +44 1582 736708

Nisbets Catering
Equipment Cambridge Store, +44 1223 979972

CaterCare, +44 1582 862000

Countywide Catering
Equipment Ltd, +44 1933 402002

Roland Allen & Co Ltd, +44 1582 730712

Gratte Brothers
Catering Equipment Ltd, +44 1438 
North London
Catering Equipment Ltd, +44 20 8361 6644

TAG Catering
Equipment UK Ltd, +44 1920 877007

A N Z Catering
Equipment, +44 1582 290257

Catering24, +44 1442 
Takeaway Packaging, +44 1753 655344

Ambican UK Ltd, +44 20 8965 8399

Enviropack, +44 20 8428 9184

Smashing Supplies (A
Trading Division of Insanity Supply Ltd), +44 1923 891616

The Bag 'N' Box Man
Ltd, +44 1295 788522

Factory First, +44 1494 523139

Event Supplies, +44 844 499 5456

Cater Supplies Direct, +44 118 372 2115

Cutting Edge Food
Service, +44 1844 212120

Universal Catering
Equipment, +44 7973 
Caterlink, +44 1494 530900

Nisbets Catering
Equipment Reading Store, +44 118 418 1688

London Catering
Supplies Ltd, +44 20 3291 2918

Jenpak Ltd, +44 20 8206 3448

Papercraft
Disposables Ltd, +44 20 8889 6352

Chalfont Products Ltd, +44 1753 891166

Simply Disposables, +44 1483 839308

Go Custom Boxes UK, +44 20 7993 5955

Catering24, +44 1442 
Takeaway Packaging, +44 1753 655344

Ambican UK Ltd, +44 20 8965 8399

Enviropack, +44 20 8428 9184

Smashing Supplies (A
Trading Division of Insanity Supply Ltd), +44 1923 891616

The Bag 'N' Box Man
Ltd, +44 1295 788522

Factory First, +44 1494 523139

Event Supplies, +44 844 499 5456

Cater Supplies Direct, +44 118 372 2115

Cutting Edge Food
Service, +44 1844 212120

Universal Catering
Equipment, +44 7973 
Caterlink, +44 1494 530900

Nisbets Catering
Equipment Reading Store, +44 118 418 1688

London Catering
Supplies Ltd, +44 20 3291 2918

Jenpak Ltd, +44 20 8206 3448

Papercraft
Disposables Ltd, +44 20 8889 6352

Chalfont Products Ltd, +44 1753 891166

Simply Disposables, +44 1483 839308

Go Custom Boxes UK, +44 20 7993 5955

Midpac Packaging, +44 1754 764663

Layford Contract
Packers, +44 1754 
MKM Building
Supplies Skegness, +44 1754 898102

Paperwork (UK), +44 1754 613120

Paragon Rubber
Company Ltd, +44 1754 
Hyprotect Ltd, +44 1754 768707

Lynx Polythene Ltd, +44 1472 886287

Pearsons Packages
Ltd, +44 1205 760430

Donington Packaging
Supplies Ltd, +44 1775 723522

L C Packaging, +44 1406 362511

Eurocell Skegness, +44 1754 769903

Hames Chocolates
Ltd, +44 1754 896667

I C B Design &
Engineering, +44 1754 760594

R & B Catering
Equipment Co, +44 1754 766451

Booker Wholesale |
Cash & Carry | Skegness, +44 1754 763034

Crown Packaging
Manufacturing UK Ltd, +44 1945 
carbootsupplies.com, +44 1754 762875

SSP Hats Ltd, +44 1754 899090

Skegness Springs Ltd, +44 1754 898330

Midpac Packaging, +44 1754 764663

Layford Contract
Packers, +44 1754 
MKM Building
Supplies Skegness, +44 1754 898102

Paperwork (UK), +44 1754 613120

Paragon Rubber
Company Ltd, +44 1754 
Hyprotect Ltd, +44 1754 768707

Lynx Polythene Ltd, +44 1472 886287

Pearsons Packages
Ltd, +44 1205 760430

Donington Packaging
Supplies Ltd, +44 1775 723522

L C Packaging, +44 1406 362511

Eurocell Skegness, +44 1754 769903

Hames Chocolates
Ltd, +44 1754 896667

I C B Design &
Engineering, +44 1754 760594

R & B Catering
Equipment Co, +44 1754 766451

Booker Wholesale |
Cash & Carry | Skegness, +44 1754 763034

Crown Packaging
Manufacturing UK Ltd, +44 1945 
carbootsupplies.com, +44 1754 762875

SSP Hats Ltd, +44 1754 899090

Skegness Springs Ltd, +44 1754 898330

Massmould Ltd, +44 1525 
RAJA UK, +44 800 542 4428

Melrose Packaging, +44 1234 841144

Ampthill Plastics, +44 1525 888510

Terinex, +44 1234 364411

Seal Packaging Ltd, +44 1582 484838

Lewco-pak Ltd, +44 1525 
Skoulikas Bedford Ltd, +44 1234 
Carlton Packaging
LLP, +44 1908 277181

DS Smith Packaging, +44 1234 790800

Fords Packaging
Systems Ltd, +44 1234 846600

Plasmech Packaging
Limited, +44 1462 432525

Ambican UK Ltd, +44 20 8965 8399

Tri-Star Packaging
Supplies Ltd, +44 20 8443 9100

Sovereign Partners, +44 20 7841 3170

London Bio
Packaging, +44 20 7471 3700

Erapa (UK) Ltd, +44 1582 722462

Jordan W (Cereals)
Ltd, +44 1767 318222

Enviropack, +44 20 8428 9184

Massmould Ltd, +44 1525 
RAJA UK, +44 800 542 4428

Melrose Packaging, +44 1234 841144

Ampthill Plastics, +44 1525 888510

Terinex, +44 1234 364411

Seal Packaging Ltd, +44 1582 484838

Lewco-pak Ltd, +44 1525 
Skoulikas Bedford Ltd, +44 1234 
Carlton Packaging
LLP, +44 1908 277181

DS Smith Packaging, +44 1234 790800

Fords Packaging
Systems Ltd, +44 1234 846600

Plasmech Packaging
Limited, +44 1462 432525

Ambican UK Ltd, +44 20 8965 8399

Tri-Star Packaging
Supplies Ltd, +44 20 8443 9100

Sovereign Partners, +44 20 7841 3170

London Bio
Packaging, +44 20 7471 3700

Erapa (UK) Ltd, +44 1582 722462

Jordan W (Cereals)
Ltd, +44 1767 318222

Enviropack, +44 20 8428 9184

